id;message;topic;receivers;sender;role;link;grade_review_id
1;Rustic Throughway;1080p;systematic Switzerland Granite;copying viral Executive;reboot payment;payment District;82007
2;invoice Practical Specialist;Table compressing Gloves;withdrawal generation Fresh;Investment Terrace;reintermediate Borders e-business;schemas;93789
3;generation generate auxiliary;parsing;Gloves;non-volatile;wireless mobile Skyway;withdrawal Myanmar architectures;73574
4;back-end;payment;Investor Global architectures;(E.M.U.-6) scale;Home Barthelemy Card;bottom-line;56277
5;utilize ivory GB;Outdoors payment;applications multi-byte;partnerships;Ball Executive;panel Handcrafted;35225
6;compress;Tuna navigating Salad;violet Industrial Buckinghamshire;e-commerce Markets;white Ports Ergonomic;Buckinghamshire withdrawal;43205
7;Music Brunei Account;Cambridgeshire;Agent Mobility;Handcrafted District;wireless Legacy THX;bandwidth Germany lime;55223
8;Berkshire;Throughway;Architect pixel;Cotton Movies Belize;Lights Ergonomic Profit-focused;world-class quantifying Greenland;21092
9;grey;withdrawal;Mountain dynamic Louisiana;AI Program orange;Kids Ball International;Accounts Plastic Applications;85907
10;Bacon ability;Communications;feed Hat;Enhanced Engineer;users Oregon;Cheese Maine;81581
